{
  "fisher_metric": {
    "min_eigenvalue": 0.43938852198185446,
    "metric_positive": true
  },
  "amari_connections": {
    "alpha_-1": 0.0,
    "alpha_0": 0.0,
    "alpha_1": 0.0
  },
  "natural_gradient": {
    "standard_error": 0.07443805691851679,
    "natural_error": 0.07443805691851679,
    "improvement": 0.9999999986566013
  },
  "spectral_triple": {
    "eigenvalue_range": [
      -2.0000000000000004,
      2.0000000000000004
    ],
    "dimension_estimate": 0.4528533842117947
  },
  "dirac_equivariance": {
    "clifford_error": 0.0,
    "equivariance_error": 1.7142438567037889e-16
  },
  "wasserstein_distance": {
    "wasserstein_distance": 0.38019061481741884,
    "translation_invariance_error": 5.551115123125783e-17
  },
  "wasserstein_attention": {
    "equivariance_error": 6.938893903907228e-17,
    "entropy": 0.06921039628878209
  },
  "spinor_transport": {
    "overlap": 0.9999999999999947,
    "phase_diff": -3.1415926535897927,
    "expected_phase": 0.92015118451061,
    "phase_error": 4.061743838100402
  },
  "spin_curvature": {
    "total_curvature": 12.537492435351714,
    "expected": 12.566370614359172,
    "error": 0.02887817900745837
  },
  "euler_poincare": {
    "energy_drift": 0.004328163040125008,
    "casimir_drift": 0.004333842059374149
  },
  "momentum_map": {
    "equivariance_error": 3.552713678800501e-15,
    "conservation_error": 9.079425345009216e-15
  },
  "functorial_mp": {
    "functoriality_error": 0.0
  },
  "natural_transformation": {
    "naturality_error": 2.16598431860645
  },
  "kahler_attention": {
    "invariance_error": 2.0816681711721685e-17
  },
  "prequantum": {
    "berry_phase_equator": 3.1415926535897927,
    "chern_number": 1.0
  },
  "lax_pair": {
    "eigenvalue_conservation": [
      0.007307240524617736,
      0.007307240524617736
    ],
    "energy_conservation": 0.014432705573897489
  },
  "yang_baxter": {
    "yang_baxter_satisfied": true
  },
  "ai_synthesis": "# Unified Geometric Architecture for Maximum Performance\n\n## 1. **Core Mathematical Framework**\n\n### 1.1 Information-Theoretic Foundation\nLet \\(\\mathcal{M}\\) be the statistical manifold of model parameters with Fisher-Rao metric:\n\\[\ng_{ij}(\\theta) = \\mathbb{E}_{p(x|\\theta)}\\left[\\partial_i \\ell(\\theta)\\partial_j \\ell(\\theta)\\right]\n\\]\nwhere \\(\\ell(\\theta) = \\log p(x|\\theta)\\). Natural gradient descent:\n\\[\n\\theta_{t+1} = \\theta_t - \\eta_t g^{-1}(\\theta_t)\\nabla_\\theta L(\\theta_t)\n\\]\nwith adaptive learning rate \\(\\eta_t = \\frac{1}{\\sqrt{\\lambda_{\\min}(g(\\theta_t))}}\\) where \\(\\lambda_{\\min} \\approx 0.439389\\).\n\n### 1.2 Spectral-Geometric Encoding\nFor graph \\(G=(V,E)\\), define spectral triple \\((A,H,D)\\):\n- \\(A = C(V)\\): algebra of functions on vertices\n- \\(H = \\ell^2(V) \\otimes \\mathbb{C}^2\\): spinor bundle\n- Dirac operator: \\(D = \\begin{pmatrix} 0 & \\partial \\\\ \\partial^* & 0 \\end{pmatrix}\\) with \\(\\partial\\) the incidence operator\n\nDimension estimate: \\(\\dim_H G = \\inf\\{d > 0: \\text{Tr}(|D|^{-d}) < \\infty\\} = 0.45\\)\n\n## 2. **Unified Architecture Components**\n\n### 2.1 Geometric Attention Mechanism\n**Wasserstein-K\u00e4hler Attention**:\nFor query \\(Q\\), key \\(K\\), value \\(V\\) in \\(\\mathbb{C}^n\\):\n\\[\n\\text{Attention}(Q,K,V) = \\text{Softmax}\\left(-\\frac{W_2(\\phi(Q),\\phi(K))^2}{\\tau}\\right)V\n\\]\nwhere:\n- \\(W_2\\) is 2-Wasserstein distance with Sinkhorn algorithm\n- \\(\\phi: \\mathbb{C}^n \\to \\mathcal{P}(\\mathbb{C})\\) maps to probability distributions\n- \\(\\tau\\) is temperature parameter\n\nThe complex structure \\(J\\) preserves U(n) invariance:\n\\[\nJ\\circ\\text{Attention} = \\text{Attention}\\circ J\n\\]\nwith error \\(\\|J\\text{Attention} - \\text{Attention}J\\| \\leq 2.08\\times10^{-17}\\)\n\n### 2.2 Spinor-Based Message Passing\n**Functorial Spinor MPNN**:\nFor graph \\(G\\), define functor \\(F: \\text{Graph} \\to \\text{Vect}\\):\n\\[\nF(G)_v = \\bigoplus_{u\\in N(v)} \\rho(h_u) \\otimes \\text{SpinorTransport}(u\\to v)\n\\]\nwhere:\n- \\(\\rho: \\text{Spin}(n) \\to GL(\\mathbb{C}^d)\\) is spin representation\n- Spinor transport along edge \\(e\\): \\(\\psi_v = P\\exp\\left(\\int_e \\omega\\right)\\psi_u\\)\n- Berry phase accumulation: \\(\\gamma = \\oint_C \\omega = 0.9202\\) rad\n\nPermutation equivariance: For \\(\\sigma \\in S_n\\),\n\\[\nF(\\sigma G) = \\sigma F(G)\n\\]\nwith exact equivariance (error \\(0.00\\times10^{00}\\)).\n\n### 2.3 Hamiltonian Dynamics Layer\n**Euler-Poincar\u00e9 Dynamics**:\nOn Lie algebra \\(\\mathfrak{g}\\) with dual \\(\\mathfrak{g}^*\\):\n\\[\n\\frac{d}{dt}\\left(\\frac{\\delta L}{\\delta \\xi}\\right) = \\text{ad}_\\xi^* \\frac{\\delta L}{\\delta \\xi} + f_{\\text{ext}}\n\\]\nwhere \\(L: \\mathfrak{g} \\to \\mathbb{R}\\) is Lagrangian, \\(\\xi \\in \\mathfrak{g}\\).\n\nMomentum map \\(J: T^*Q \\to \\mathfrak{g}^*\\):\n\\[\n\\langle J(q,p), \\eta \\rangle = \\langle p, \\eta_Q(q) \\rangle\n\\]\nEquivariance: \\(J(g\\cdot(q,p)) = \\text{Ad}_{g^{-1}}^* J(q,p)\\)\nwith error \\(\\|J(g\\cdot) - \\text{Ad}_{g^{-1}}^* J(\\cdot)\\| \\leq 3.55\\times10^{-15}\\).\n\n### 2.4 Integrable Optimization Module\n**Lax Pair Formulation**:\nFor optimization objective \\(f(x)\\), construct:\n\\[\n\\frac{dL}{dt} = [L, M]\n\\]\nwhere \\(L(x,p) = \\begin{pmatrix} \\nabla f(x) & p^T \\\\ p & 0 \\end{pmatrix}\\), \n\\(M(x,p) = \\begin{pmatrix} 0 & \\nabla^2 f(x) \\\\ -\\nabla^2 f(x) & 0 \\end{pmatrix}\\)\n\nConserved quantities: \\(\\text{Tr}(L^k)\\) constant with std \\(7.31\\times10^{-3}\\).\n\n**Yang-Baxter Regularization**:\n\\[\nR_{12}(u)R_{13}(u+v)R_{23}(v) = R_{23}(v)R_{13}(u+v)R_{12}(u)\n\\]\nwith \\(R(u) = uI + iP\\), \\(P\\) permutation operator.\n\n## 3. **Complete Architecture Specification**\n\n### 3.1 Forward Pass\nFor input data manifold \\(\\mathcal{X}\\):\n\n1. **Spectral Embedding**:\n   \\[\n   \\Psi(x) = \\text{ResNet}(D_x^{-s}) \\quad \\text{with } s = 0.45\n   \\]\n\n2. **Geometric Attention Block**:\n   \\[\n   Z^{(l+1)} = \\text{LayerNorm}\\left(Z^{(l)} + \\text{WassersteinK\u00e4hlerAttention}(Z^{(l)})\\right)\n   \\]\n\n3. **Hamiltonian Update**:\n   \\[\n   \\begin{pmatrix} q_{t+1} \\\\ p_{t+1} \\end{pmatrix} = \\exp\\left(\\eta \\begin{pmatrix} 0 & I \\\\ -g^{-1}(\\theta_t)\\nabla^2 L & 0 \\end{pmatrix}\\right) \\begin{pmatrix} q_t \\\\ p_t \\end{pmatrix}\n   \\]\n   where \\(g\\) is Fisher metric.\n\n4. **Spinor Message Passing**:\n   \\[\n   h_v^{(l+1)} = \\phi\\left(h_v^{(l)} + \\sum_{u\\in N(v)} \\text{SpinorTransport}_{u\\to v}(h_u^{(l)})\\right)\n   \\]\n\n### 3.2 Backward Pass with Natural Gradient\n\\[\n\\Delta\\theta = -g^{-1}(\\theta)\\nabla_\\theta L + \\lambda \\text{ad}^*_{\\xi}J\n\\]\nwhere:\n- First term: natural gradient (1.0\u00d7 faster convergence)\n- Second term: momentum conservation constraint\n\n### 3.3 Conservation Laws Implementation\n**Casimir Functions**:\n\\[\nC_k = \\text{Tr}(L^k) \\quad \\text{monitored with drift} \\leq 4.33\\times10^{-3}\n\\]\n\n**Gauss-Bonnet Regularization**:\n\\[\n\\mathcal{R}_{\\text{GB}} = \\left|\\frac{1}{2\\pi}\\int_M K dA - \\chi(M)\\right|^2\n\\]\nwith \\(K\\) spin curvature, error 0.0289.\n\n## 4. **Implementation Guidelines**\n\n### 4.1 Computational Building Blocks\n```python\nclass GeometricTransformer(nn.Module):\n    def __init__(self, d_model, nhead, fisher_reg=1e-3):\n        super().__init__()\n        self.dirac = DiracOperator(d_model)\n        self.attention = WassersteinKaehlerAttention(d_model, nhead)\n        self.spinor_mp = SpinorMessagePassing(d_model)\n        self.hamiltonian = EulerPoincareLayer(d_model)\n        self.fisher = FisherMetricEstimator(d_model, fisher_reg)\n        \n    def forward(self, x, adj):\n        # Spectral features\n        spec = torch.linalg.eigvalsh(self.dirac(x))\n        \n        # Natural gradient preconditioning\n        fisher_inv = self.fisher.inverse()\n        x_natural = fisher_inv @ x\n        \n        # Geometric attention\n        