{
  "geometric_attention": {
    "score_range": [
      -7.365988324325231,
      8.526429070786838
    ]
  },
  "homing_guidance": {
    "los_magnitude": 7.703648031083331,
    "los_rate": 0.0,
    "closing_velocity": -0.0,
    "guidance_term": -0.0
  },
  "kalman_filtering": {
    "initial_error": 9.440047540438274,
    "final_error": 2.906740167607689,
    "error_reduction_percent": 69.2084160047277,
    "final_certainty": 0.24030720789021062
  },
  "adaptive_reasoning": {
    "certainties": [
      0.1,
      0.3,
      0.5,
      0.7,
      0.9,
      0.95
    ],
    "depths": [
      8,
      4,
      2,
      1,
      1,
      1
    ]
  },
  "homing_sequence": {
    "total_iterations": 15,
    "final_certainty": 0.21307519064133762,
    "intercepted": "False",
    "certainty_progression": [
      0.032882936745187163,
      0.06007652001279509,
      0.08454578360051683,
      0.1062658778791019,
      0.12531387283854165,
      0.14184210646622117,
      0.15605231054932475,
      0.16817307786499672,
      0.1784418978119147,
      0.18709196369080314,
      0.19434330849815368,
      0.20039750907221054,
      0.20543511717521945,
      0.20961503630522058,
      0.21307519064133762
    ],
    "depth_progression": [
      9,
      8,
      8,
      7,
      7,
      7,
      7,
      6,
      6,
      6,
      6,
      6,
      6,
      6,
      6
    ]
  }
}