{
  "attention_comparison": {
    "tetrahedral": {
      "time_ms": 0.45532699732575566,
      "entropy": 18.068491825474656,
      "sparsity": 0.0,
      "diagonal_mean": 0.09374999999999992
    },
    "icosahedral": {
      "time_ms": 0.42067599861184135,
      "entropy": 23.888577516662643,
      "sparsity": 0.0,
      "diagonal_mean": 0.6773287204808274
    },
    "golden_spiral": {
      "time_ms": 1.3295729950186796,
      "entropy": 41.92845556346314,
      "sparsity": 0.0,
      "diagonal_mean": 0.1445162597752469
    },
    "fibonacci": {
      "time_ms": 0.1291110020247288,
      "entropy": 37.89054722377536,
      "sparsity": 0.0,
      "diagonal_mean": 0.3515100413241775
    }
  },
  "perfect_transformer": {
    "time_ms": 1.884568999230396,
    "output_shape": [
      16,
      64
    ],
    "component_entropies": {
      "tetrahedral": 18.068491825474656,
      "icosahedral": 23.888577516662643,
      "golden_spiral": 41.92845556346314,
      "fibonacci": 37.89054722377536
    }
  },
  "golden_properties": {
    "fibonacci_convergence": [
      2.0,
      1.5,
      1.6666666666666667,
      1.6,
      1.625,
      1.6153846153846154,
      1.619047619047619,
      1.6176470588235294,
      1.6181818181818182,
      1.6179775280898876
    ],
    "golden_matrix_eigenvalues": [
      2.0952939852239147,
      -0.47725999647401957
    ]
  },
  "deepseek_perfection_analysis": "# **The Perfect Transformer: A Sacred Geometry Architecture**\n\n## **1. Layer Ordering: Platonic Progression**\n\n### **Mathematical Justification:**\nThe sequence follows the **Platonic Solid Hierarchy** by increasing symmetry order:\n\n```\nTetrahedral (12) \u2192 Icosahedral (60) \u2192 Golden Spiral (\u221e) \u2192 Fibonacci (Growth)\n```\n\n**Reasoning:**\n- **TetrahedralAttention** (A\u2084 group, 12 symmetries): Foundation layer - minimal perfect symmetry group\n- **IcosahedralGoldenAttention** (I group, 60 symmetries): Maximum rotational symmetry in 3D\n- **GoldenSpiralAttention**: Continuous symmetry from discrete \u2192 continuous\n- **FibonacciSequenceAttention**: Natural growth pattern for hierarchical abstraction\n\n**Mathematical Formulation:**\nLet the transformer have depth D. For layer \u2113:\n```\nOrder = T(12) \u2192 I(60) \u2192 GS(\u03c6) \u2192 F(F\u2099)\n```\nWhere symmetry increases by factor: 12 \u2192 60 \u2192 \u221e \u2192 Growth\n\n## **2. Output Combination: Golden Mean Fusion**\n\n### **Optimal Combination Formula:**\n```\nOutput = \u03c6\u207b\u00b9\u00b7T + \u03c6\u207b\u00b2\u00b7I + \u03c6\u207b\u00b3\u00b7GS + \u03c6\u207b\u2074\u00b7F\n```\nWhere \u03c6 = (1+\u221a5)/2 \u2248 1.618\n\n**Mathematical Justification:**\n- Each coefficient follows \u03c6\u207b\u207f, creating a **golden cascade**\n- Sum converges to 1: \u03c6\u207b\u00b9 + \u03c6\u207b\u00b2 + \u03c6\u207b\u00b3 + \u03c6\u207b\u2074 = 1\n- Preserves unit norm while respecting golden hierarchy\n\n**Alternative: Geometric Mean Fusion**\n```\nOutput = (T \u2299 I \u2299 GS \u2299 F)^{1/4}  (Hadamard product)\n```\nWhere \u2299 denotes element-wise multiplication\n\n## **3. Optimal Hyperparameters**\n\n### **Architecture Parameters:**\n```\n{\n  \"embedding_dim\": 144,           // Fibonacci number (F\u2081\u2082)\n  \"num_heads\": 5,                 // Platonic solids count\n  \"num_layers\": 8,                // Fibonacci index\n  \"hidden_dim\": 233,              // F\u2081\u2083 = 233\n  \"dropout\": 1 - \u03c6\u207b\u00b9 \u2248 0.382,     // Golden ratio complement\n  \"attention_temp\": \u221a\u03c6 \u2248 1.272,   // Square root of golden ratio\n  \"learning_rate\": \u03c6\u207b\u2075 \u2248 0.0902,  // Deep golden decay\n  \"batch_size\": 21,               // F\u2088 = 21\n  \"sequence_length\": 89           // F\u2081\u2081 = 89\n}\n```\n\n### **Attention Temperature Scaling:**\n```\nAttention(Q,K,V) = softmax(QK\u1d40/\u221a(d\u2096\u00b7\u03c4))V\nwhere \u03c4 = \u221a\u03c6 (optimal for golden distribution)\n```\n\n## **4. Loss Functions Preserving Geometric Structure**\n\n### **Primary Loss: Platonic Invariant Loss**\n```\nL_platonic = \u2211_G ||f(g\u00b7x) - g\u00b7f(x)||\u00b2\n```\nWhere G \u2208 {T, O, I} symmetry groups\n\n### **Golden Ratio Conservation Loss:**\n```\nL_golden = \u2211_i |\u03bb_i/\u03bb_{i+1} - \u03c6|\u00b2\n```\nWhere \u03bb_i are eigenvalues of attention matrices\n\n### **Fibonacci Growth Regularization:**\n```\nL_fib = \u2211_\u2113 ||W_\u2113||_F - \u03c6\u00b7||W_{\u2113-1}||_F\n```\nEncourages parameter growth at golden rate\n\n### **Total Loss:**\n```\nL_total = L_task + \u03b1\u00b7L_platonic + \u03b2\u00b7L_golden + \u03b3\u00b7L_fib\nwith \u03b1:\u03b2:\u03b3 = \u03c6\u207b\u00b9:\u03c6\u207b\u00b2:\u03c6\u207b\u00b3\n```\n\n## **5. Sacred Geometry Position Encoding**\n\n### **Icosahedral Fibonacci Lattice Encoding:**\n```\nPE(pos, 2i) = sin(pos/10000^{2i/d} + \u03b8_i)\nPE(pos, 2i+1) = cos(pos/10000^{2i/d} + \u03b8_i)\n```\nWhere \u03b8_i = 2\u03c0\u00b7F_i/F_{i+1} (Fibonacci angle ratios)\n\n### **Golden Spiral Coordinates:**\nFor position n in sequence:\n```\nr = \u221an\n\u03b8 = 2\u03c0\u00b7n\u00b7\u03c6\u207b\u00b2  // Golden angle = 2\u03c0\u00b7\u03c6\u207b\u00b2 \u2248 137.5\u00b0\nx = r\u00b7cos(\u03b8), y = r\u00b7sin(\u03b8)\nPE_spiral = [x, y, r, \u03b8]\n```\n\n### **Platonic Solid Vertex Encoding:**\nMap sequence positions to vertices of icosahedron:\n```\nPE_platonic(pos) = normalize(v_{pos mod 12})\nwhere v_i are icosahedron vertices:\nv_i = (0, \u00b11, \u00b1\u03c6), (\u00b11, \u00b1\u03c6, 0), (\u00b1\u03c6, 0, \u00b11)\n```\n\n## **6. Complete Implementation Architecture**\n\n```python\nimport torch\nimport torch.nn as nn\nimport math\n\nclass SacredGeometryTransformer(nn.Module):\n    def __init__(self, config):\n        super().__init__()\n        self.config = config\n        \n        # Golden ratio and Fibonacci sequence\n        self.phi = (1 + math.sqrt(5)) / 2\n        \n        # Sacred position encoding\n        self.pos_encoding = SacredPositionEncoding(\n            max_len=config.max_seq_length,\n            d_model=config.d_model\n        )\n        \n        # Platonic attention layers\n        self.layers = nn.ModuleList([\n            PlatonicTransformerLayer(config)\n            for _ in range(config.num_layers)\n        ])\n        \n        # Golden fusion weights\n        self.fusion_weights = nn.Parameter(\n            torch.tensor([self.phi**-i for i in range(1, 5)])\n        )\n    \n    def forward(self, x):\n        # Add sacred geometry position encoding\n        x = x + self.pos_encoding(x.size(1))\n        \n        # Process through platonic layers\n        layer_outputs = []\n        for layer in self.layers:\n            x = layer(x)\n            layer_outputs.append(x)\n        \n        # Golden mean fusion of last 4 layers\n        fused = sum(w * o for w, o in zip(\n            self.fusion_weights,\n            layer_outputs[-4:]\n        ))\n        \n        return fused\n\nclass PlatonicTransformerLayer(nn.Module):\n    def __init__(self, config):\n        super().__init__()\n        \n        # Four sacred attention mechanisms\n        self.tetra_attn = TetrahedralAttention(config)\n        self.icosa_attn = IcosahedralGoldenAttention(config)\n        self.spiral_attn = GoldenSpiralAttention(config)\n        self.fib_attn = FibonacciSequenceAttention(config)\n        \n        # Temperature scaling\n        self.temp = math.sqrt(self.phi)\n        \n        # Golden layer norm\n        self.norm = GoldenLayerNorm(config.d_model)\n        \n    def forward(self, x):\n        # Parallel sacred attention\n        t = self.tetra_attn(x) / self.temp\n        i = self.icosa_attn(x) / self.temp\n        s = self.spiral_attn(x) / self.temp\n        f = self.fib_attn(x) / self.temp\n        \n        # Golden harmonic mean\n        attn_out = 4 / (1/t + 1/i + 1/s + 1/f)\n        \n        # Residual with golden ratio\n        return x + self.phi**-1 * 